journal_name,issn,cas_partition,source_sheet
IEEE Communications Surveys and Tutorials,1553-877X,1,计算机科学
Science Robotics,2470-9476,1,计算机科学
Foundations and Trends in Machine Leamning,1935-8237,1,计算机科学
ACM COMPUTING SURVEYS,0360-0300,1,计算机科学
Nature Machine Intelligence,2522-5839,1,计算机科学
PROCEEDINGS OF THE IEEE,0018-9219,1,计算机科学
Annual Review of Control Robotics and Autonomous Systems,2573-5144,1,计算机科学
Foundations and Trends in Information Retrieval,1554-0669,1,计算机科学
Cyborg and Bionic Systems,2692-7632,1,计算机科学
IEEE TRANSACTIONS ON PATTERN ANALYSIS AND MACHINE INTELLIGENCE,0162-8828,1,计算机科学
Information Fusion,1566-2535,1,计算机科学
IEEE Transactions on Industrial Informatics,1551-3203,1,计算机科学
IEEE TRANSACTIONS ON FUZZY SYSTEMS,1063-6706,1,计算机科学
IEEE-CAA Journal of Automatica Sinica,2329-9266,1,计算机科学
IEEE TRANSACTIONS ON EVOLUTIONARY COMPUTATION,1089-778X,1,计算机科学
IEEE JOURNAL ON SELECTED AREAS IN COMMUNICATIONS,0733-8716,1,计算机科学
IEEE TRANSACTIONS ON CIRCUITS AND SYSTEMS FOR VIDEO TECHNOLOGY,1051-8215,1,计算机科学
ROBOTICS AND COMPUTER-INTEGRATED MANUFACTURING,0736-5845,1,计算机科学
IEEE TRANSACTIONS ON MULTIMEDIA,1520-9210,1,计算机科学
Foundations and Trends in Systems and Control,2325-6818,1,计算机科学
IEEE TRANSACTIONS ON IMAGE PROCESSING,1057-7149,1,计算机科学
Computer Science Review,1574-0137,1,计算机科学
ACM TRANSACTIONS ON GRAPHICS,0730-0301,1,计算机科学
IEEE Transactions on Cybernetics,2168-2267,1,计算机科学
Nature Computational Science,2662-8457,1,计算机科学
INFORMATION PROCESSING MANAGEMENT,0306-4573,1,计算机科学
PATTERN RECOGNITION,0031-3203,1,计算机科学
CAAI Transactions on Intelligence Technology,2468-6557,1,计算机科学
Journal of Industrial Information Integration,2467-964X,1,计算机科学
Big Data Mining and Analytics,2096-0654,1,计算机科学
ACM TRANSACTIONS ON SOFTWARE ENGINEERING AND METHODOLOGY,1049-331X,1,计算机科学
IEEE Transactions on Robotics,1552-3098,1,计算机科学
IEEE TRANSACTIONS ON SOFTWARE ENGINEERING,0098-5589,1,计算机科学
IEEE TRANSACTIONS ON WIRELESS COMMUNICATIONS,1536-1276,1,计算机科学
IEEE Transactions on Systems Man Cybernetics-Systems,2168-2216,1,计算机科学
IEEE Transactions on Neural Networks and Learning Systems,2162-237X,1,计算机科学
ACM Transactions on Computer-Human Interaction,1073-0516,1,计算机科学
IEEE Transactions on Information Forensics and Security,1556-6013,1,计算机科学
IEEE Transactions on Affective Computing,1949-3045,1,计算机科学
COMPUTERS IN INDUSTRY,0166-3615,1,计算机科学
Proceedings of the ACM on Programming Languages-PACMPL,2475-1421,1,计算机科学
EXPERT SYSTEMS WITH APPLICATIONS,0957-4174,1,计算机科学
IEEE TRANSACTIONS ON KNOWLEDGE AND DATA ENGINEERING,1041-4347,1,计算机科学
IEEE Transactions on Intelligent Vehicles,2379-8858,1,计算机科学
IEEE Transactions on Cognitive Communications and Networking,2332-7731,1,计算机科学
ENGINEERING APPLICATIONS OF ARTIFICIAL INTELLIGENCE,0952-1976,1,计算机科学
International Journal of Neural Systems,0129-0657,1,计算机科学
IEEE TRANSACTIONS ON ANTENNAS AND PROPAGATION,0018-926X,1,计算机科学
ARTIFICIAL INTELLIGENCE REVIEW,0269-2821,1,计算机科学
IEEE TRANSACTIONS ON MOBILE COMPUTING,1536-1233,1,计算机科学
KNOWLEDGE-BASED SYSTEMS,0950-7051,1,计算机科学
Data Science and Engineering,2364-1185,1,计算机科学
Science China-Information Sciences,1674-733X,1,计算机科学
ANNUAL REVIEWS IN CONTROL,1367-5788,2,计算机科学
IEEE Internet of Things Journal,2327-4662,2,计算机科学
IEEE Journal of Selected Topics in Signal Processing,1932-4553,2,计算机科学
IEEE TRANSACTIONS ON INTELLIGENT TRANSPORTATION SYSTEMS,1524-9050,2,计算机科学
ACM TRANSACTIONS ON INFORMATION SYSTEMS,1046-8188,2,计算机科学
IEEE TRANSACTIONS ON AUTOMATIC CONTROL,0018-9286,2,计算机科学
APPLIED SOFT COMPUTING,1568-4946,2,计算机科学
NEURAL NETWORKS,0893-6080,2,计算机科学
IEEE WIRELESS COMMUNICATIONS,1536-1284,2,计算机科学
ISA TRANSACTIONS,0019-0578,2,计算机科学
IEEE TRANSACTIONS ON COMMUNICATIONS,0090-6778,2,计算机科学
Swarm and Evolutionary Computation,2210-6502,2,计算机科学
IEEE TRANSACTIONS ON VISUALIZATION AND COMPUTER GRAPHICS,1077-2626,2,计算机科学
INTERNATIONAL JOURNAL OF ROBOTICS RESEARCH,0278-3649,2,计算机科学
Journal of Statistical Software,1548-7660,2,计算机科学
IEEE Transactions on Services Computing,1939-1374,2,计算机科学
INTERNATIONAL JOURNAL OF COMPUTER VISION,0920-5691,2,计算机科学
ACM TRANSACTIONS ON DATABASE SYSTEMS,0362-5915,2,计算机科学
Foundations and Trends in Programming Languages,2325-1107,2,计算机科学
Digital Communications and Networks,2468-5925,2,计算机科学
IEEE Transactions on Dependable and Secure Computing,1545-5971,2,计算机科学
IEEE TRANSACTIONS ON PARALLEL AND DISTRIBUTED SYSTEMS,1045-9219,2,计算机科学
IEEE-ACM Transactions on Audio Speech and Language Processing,2329-9290,2,计算机科学
IEEE TRANSACTIONS ON VEHICULAR TECHNOLOGY,0018-9545,2,计算机科学
INTEGRATED COMPUTER-AIDED ENGINEERING,1069-2509,2,计算机科学
IEEE COMMUNICATIONS MAGAZINE,0163-6804,2,计算机科学
IEEE Transactions on Automation Science and Engineering,1545-5955,2,计算机科学
IEEE Transactions on Cloud Computing,2168-7161,2,计算机科学
Foundations and Trends in Computer Graphics and Vision,1572-2740,2,计算机科学
HUMAN-COMPUTER INTERACTION,0737-0024,2,计算机科学
IEEE TRANSACTIONS ON CONSUMER ELECTRONICS,0098-3063,2,计算机科学
Journal of Optical Communications and Networking,1943-0620,2,计算机科学
IEEE Transactions on Network Science and Engineering,2327-4697,2,计算机科学
JOURNAL OF NETWORK AND COMPUTER APPLICATIONS,1084-8045,2,计算机科学
IEEE Transactions on Big Data,2332-7790,2,计算机科学
MINDS AND MACHINES,0924-6495,2,计算机科学
Foundations and Trends in Communications and Information Theory,1567-2190,2,计算机科学
INTERNATIONAL JOURNAL OF HUMAN-COMPUTER STUDIES,1071-5819,2,计算机科学
IEEE Computational Intelligence Magazine,1556-603X,2,计算机科学
CONTROL ENGINEERING PRACTICE,0967-0661,2,计算机科学
INFORMATION AND SOFTWARE TECHNOLOGY,0950-5849,2,计算机科学
Patterns,2666-3899,2,计算机科学
International Joumnal on Semantic Web and Information Systems,1552-6283,2,计算机科学
ACM Transactions on Human-Robot Interaction,2573-9522,2,计算机科学
AUTOMATICA,0005-1098,2,计算机科学
IEEE Robotics and Automation Letters,2377-3766,2,计算机科学
Soft Robotics,2169-5172,2,计算机科学
IEEE TRANSACTIONS ON BROADCASTING,0018-9316,2,计算机科学
Transactions of the Association for Computational Linguistics,2307-387X,2,计算机科学
EMPIRICAL SOFTWARE ENGINEERING,1382-3256,2,计算机科学
ACM TRANSACTIONS ON PROGRAMMING LANGUAGES AND SYSTEMS,0164-0925,2,计算机科学
IEEE Transactions on Green Communications and Networking,2473-2400,2,计算机科学
Journal of King Saud University-Computer and Information Sciences,1319-1578,2,计算机科学
Vehicular Communications,2214-2096,2,计算机科学
ACM Transactions on Accessible Computing,1936-7228,2,计算机科学
JOURNAL OF SYSTEMS AND SOFTWARE,0164-1212,2,计算机科学
IEEE TRANSACTIONS ON RELIABILITY,0018-9529,2,计算机科学
IEEE TRANSACTIONS ON AEROSPACE AND ELECTRONIC SYSTEMS,0018-9251,2,计算机科学
Digital Discovery,2635-098X,2,计算机科学
IEEE Transactions on Emerging Topics in Computing,2168-6750,2,计算机科学
IEEE Antennas and Wireless Propagation Letters,1536-1225,2,计算机科学
Future Generation Computer Systems-The International Journal of eScience,0167-739X,2,计算机科学
SOCIAL NETWORKS,0378-8733,2,计算机科学
IEEE Transactions on Computational Imaging,2573-0436,2,计算机科学
JOURNAL OF THE ACM,0004-5411,2,计算机科学
COMPUTERS SECURITY,0167-4048,2,计算机科学
Artificial Intelligence and Law,0924-8463,2,计算机科学
ARTIFICIAL INTELLIGENCE,0004-3702,2,计算机科学
TSINGHUA SCIENCE AND TECHNOLOGY,1007-0214,2,计算机科学
IEEE Transactions on Network and Service Management,1932-4537,2,计算机科学
VIRTUAL REALITY,1359-4338,2,计算机科学
COMPUTER STANDARDS INTERFACES,0920-5489,2,计算机科学
NEUROCOMPUTING,0925-2312,2,计算机科学
IEEE TRANSACTIONS ON COMPUTERS,0018-9340,2,计算机科学
Journal of Field Robotics,1556-4959,2,计算机科学
ROBOTICS AND AUTONOMOUS SYSTEMS,0921-8890,2,计算机科学
USER MODELING AND USER-ADAPTED INTERACTION,0924-1868,2,计算机科学
IEEE TRANSACTIONS ON CONTROL SYSTEMS TECHNOLOGY,1063-6536,2,计算机科学
EPJ Data Science,2193-1127,2,计算机科学
Journal of Artificial Intelligence and Soft Computing Research,2083-2567,2,计算机科学
Proceedings of the VLDB Endowment,2150-8097,2,计算机科学
IACR Transactions on Symmetric Cryptology,2519-173X,2,计算机科学
Egyptian Informatics Journal,1110-8665,2,计算机科学
International Journal of Social Robotics,1875-4791,2,计算机科学
Visual Informatics,2468-502X,2,计算机科学
Internet of Things,2543-1536,2,计算机科学
IEEE Transactions on Emerging Topics in Computational Intelligence,2471-285X,2,计算机科学
IEEE Open Journal of Vehicular Technology,2644-1330,2,计算机科学
COMPUTATIONAL LINGUISTICS,0891-2017,2,计算机科学
Journal of Big Data,2196-1115,2,计算机科学
VLDB JOURNAL,1066-8888,2,计算机科学
DISPLAYS,0141-9382,2,计算机科学
International Journal of Artificial Intelligence in Education,1560-4292,2,计算机科学
Blockchain-Research and Applications,2096-7209,2,计算机科学
IEEE Transactions on Human-Machine Systems,2168-2291,2,计算机科学
Computational Visual Media,2096-0433,2,计算机科学
Machine Intelligence Research,2731-538X,2,计算机科学
Frontiers of Computer Science,2095-2228,2,计算机科学
Data Intelligence,2641-435X,2,计算机科学
Joumal of Data and Information Science,2096-157X,2,计算机科学
Wiley Interdisciplinary Reviews-Data Mining and Knowledge Discovery,1942-4787,3,计算机科学
IEEE Vehicular Technology Magazine,1556-6072,3,计算机科学
Foundations and Trends in Databases,1931-7883,3,计算机科学
IEEE TRANSACTIONS ON INFORMATION THEORY,0018-9448,3,计算机科学
IEEE Transactions on Cognitive and Developmental Systems,2379-8920,3,计算机科学
SPEECH COMMUNICATION,0167-6393,3,计算机科学
Fuzzy Optimization and Decision Making,1568-4539,3,计算机科学
IEEE Transactions on Computational Social Systems,2329-924X,3,计算机科学
JOURNAL OF NEW MUSIC RESEARCH,0929-8215,3,计算机科学
ACM Transactions on Reconfigurable Technology and Systems,1936-7406,3,计算机科学
Big Data and Cognitive Computing,2504-2289,3,计算机科学
IEEE NETWORK,0890-8044,3,计算机科学
IEEE Wireless Communications Letters,2162-2337,3,计算机科学
SIMULATION MODELLING PRACTICE AND THEORY,1569-190X,3,计算机科学
IEEE ROBOTICS AUTOMATION MAGAZINE,1070-9932,3,计算机科学
JOURNAL OF AUTOMATED REASONING,0168-7433,3,计算机科学
International Journal of Interactive Multimedia and Artificial Intelligence,1989-1660,3,计算机科学
IMAGE AND VISION COMPUTING,0262-8856,3,计算机科学
IEEE Transactions on Signal and Information Processing over Networks,2373-776X,3,计算机科学
COMPUTER SPEECH AND LANGUAGE,0885-2308,3,计算机科学
Ad Hoc Networks,1570-8705,3,计算机科学
Drones,2504-446X,3,计算机科学
INTERNATIONAL JOURNAL OF HIGH PERFORMANCE COMPUTING APPLICATIONS,1094-3420,3,计算机科学
JOURNAL OF FUNCTIONAL PROGRAMMING,0956-7968,3,计算机科学
IEEE MICROWAVE MAGAZINE,1527-3342,3,计算机科学
ACM Transactions on Storage,1553-3077,3,计算机科学
IEEE SIGNAL PROCESSING LETTERS,1070-9908,3,计算机科学
IEEE TRANSACTIONS ON COMPUTER-AIDED DESIGN OF INTEGRATED CIRCUITS AND SYSTEMS,0278-0070,3,计算机科学
DATA KNOWLEDGE ENGINEERING,0169-023X,3,计算机科学
IEEE ANTENNAS AND PROPAGATION MAGAZINE,1045-9243,3,计算机科学
MECHATRONICS,0957-4158,3,计算机科学
Complex Intelligent Systems,2199-4536,3,计算机科学
ACM Transactions on Knowledge Discovery from Data,1556-4681,3,计算机科学
AEU-INTERNATIONAL JOURNAL OF ELECTRONICS AND COMMUNICATIONS,1434-8411,3,计算机科学
SIAM JOURNAL ON COMPUTING,0097-5397,3,计算机科学
JOURNAL OF SYSTEMS ARCHITECTURE,1383-7621,3,计算机科学
IEEE Open Journal of Antennas and Propagation,2637-6431,3,计算机科学
Journal of Information Security and Applications,2214-2126,3,计算机科学
COMPUTER-AIDED DESIGN,0010-4485,3,计算机科学
INTERNATIONAL JOURNAL OF HUMAN-COMPUTER INTERACTION,1044-7318,3,计算机科学
INFORMATION SYSTEMS,0306-4379,3,计算机科学
JOURNAL OF THE FRANKLIN INSTITUTE-ENGINEERING AND APPLIED MATHEMATICS,0016-0032,3,计算机科学
Computer Networks,1389-1286,3,计算机科学
Semantic Web,1570-0844,3,计算机科学
International Journal of Information and Learning Technology,2056-4880,3,计算机科学
Sustainable Computing-Informatics Systems,2210-5379,3,计算机科学
IEEE Open Joumnal of the Communications Society,2644-125X,3,计算机科学
Advanced Intelligent Systems,2640-4567,3,计算机科学
JOURNAL OF PROCESS CONTROL,0959-1524,3,计算机科学
Journal of Cognitive Engineering and Decision Making,1555-3434,3,计算机科学
COMPUTER VISION AND IMAGE UNDERSTANDING,1077-3142,3,计算机科学
COMPUTER COMMUNICATIONS,0140-3664,3,计算机科学
INFORMS JOURNAL ON COMPUTING,1091-9856,3,计算机科学
IEEE Systems Journal,1932-8184,3,计算机科学
IEEE Transactions on Haptics,1939-1412,3,计算机科学
ACM Transactions on Multimedia Computing Communications and Applications,1551-6857,3,计算机科学
IEEE COMMUNICATIONS LETTERS,1089-7798,3,计算机科学
Forensic Science International-Digital Investigation,2666-2817,3,计算机科学
ACM Transactions on Embedded Computing Systems,1539-9087,3,计算机科学
Journal of Network and Systems Management,1064-7570,3,计算机科学
Enterprise Information Systems,1751-7575,3,计算机科学
International Joumal of Critical Infrastructure Protection,1874-5482,3,计算机科学
AUTONOMOUS ROBOTS,0929-5593,3,计算机科学
Human-centric Computing and Information Sciences,2192-1962,3,计算机科学
Neuromorphic Computing and Engineering,2634-4386,3,计算机科学
Journal of Membrane Computing,2523-8906,3,计算机科学
ACM Transactions on Privacy and Security,2471-2566,3,计算机科学
JOURNAL OF ARTIFICIAL INTELLIGENCE RESEARCH,1076-9757,3,计算机科学
Journal of Web Semantics,1570-8268,3,计算机科学
PATTERN RECOGNITION LETTERS,0167-8655,3,计算机科学
JOURNAL OF COMPUTER AND SYSTEM SCIENCES,0022-0000,3,计算机科学
Big Data Research,2214-5796,3,计算机科学
Journal of Grid Computing,1570-7873,3,计算机科学
INTERNATIONAL JOURNAL OF APPROXIMATE REASONING,0888-613X,3,计算机科学
ACM Transactions on Intelligent Systems and Technology,2157-6904,3,计算机科学
JOURNAL OF PARALLEL AND DISTRIBUTED COMPUTING,0743-7315,3,计算机科学
EVOLUTIONARY COMPUTATION,1063-6560,3,计算机科学
INTERNATIONAL JOURNAL OF INTELLIGENT SYSTEMS,0884-8173,3,计算机科学
CONNECTION SCIENCE,0954-0091,3,计算机科学
Cybersecurity,2523-3246,3,计算机科学
Bioinspiration Biomimetics,1748-3182,3,计算机科学
Software and Systems Modeling,1619-1366,3,计算机科学
IEEE Transactions on Games,2475-1502,3,计算机科学
IEEE-ACM TRANSACTIONS ON NETWORKING,1063-6692,3,计算机科学
Computer Supported Cooperative Work-The Journal of Collaborative Computing and Work Practices,0925-9724,3,计算机科学
ACM Transactions on Architecture and Code Optimization,1544-3566,3,计算机科学
Nonlinear Analysis-Hybrid Systems,1751-570X,3,计算机科学
IEEE INTERNET COMPUTING,1089-7801,3,计算机科学
KNOWLEDGE ENGINEERING REVIEW,0269-8889,3,计算机科学
Entertainment Computing,1875-9521,3,计算机科学
IEEE Transactions on Sustainable Computing,2377-3782,3,计算机科学
JOURNAL OF CLASSIFICATION,0176-4268,3,计算机科学
ACM Transactions on Internet of Things,2691-1914,3,计算机科学
Al Society,0951-5666,3,计算机科学
Multimodal Technologies and Interaction,2414-4088,3,计算机科学
ACM Transactions on Algorithms,1549-6325,3,计算机科学
IEEE Transactions on Control of Network Systems,2325-5870,3,计算机科学
DATA MINING AND KNOWLEDGE DISCOVERY,1384-5810,3,计算机科学
International Journal on Document Analysis and Recognition,1433-2833,3,计算机科学
Applied Ontology,1570-5838,3,计算机科学
Proceedings of the ACM on Interactive Mobile Wearable and Ubiquitous Technologies-IMWUT,2474-9567,3,计算机科学
Cryptography and Communications-Discrete-Structures Boolean Functions and Sequences,1936-2447,3,计算机科学
AUTONOMOUS AGENTS AND MULTI-AGENT SYSTEMS,1387-2532,3,计算机科学
Journal of Computational Science,1877-7503,3,计算机科学
REQUIREMENTS ENGINEERING,0947-3602,3,计算机科学
PARALLEL COMPUTING,0167-8191,3,计算机科学
IEEE CONTROL SYSTEMS MAGAZINE,1066-033X,3,计算机科学
IEEE Open Journal of the Computer Society,2644-1268,3,计算机科学
Memetic Computing,1865-9284,3,计算机科学
Informatics-Basel,2227-9709,3,计算机科学
Journal of Cloud Computing-Advances Systems and Applications,2192-113X,3,计算机科学
FORMAL ASPECTS OF COMPUTING,0934-5043,3,计算机科学
International Joumal of Data Science and Analytics,2364-415X,3,计算机科学
COMMUNICATIONS OF THE ACM,0001-0782,3,计算机科学
Cognitive Computation,1866-9956,3,计算机科学
Joumnal of Bionic Engineering,1672-6529,3,计算机科学
Argument Computation,1946-2166,3,计算机科学
IEEE MICRO,0272-1732,3,计算机科学
ACM Transactions on Applied Perception,1544-3558,3,计算机科学
SIGNAL PROCESSING-IMAGE COMMUNICATION,0923-5965,3,计算机科学
New Review of Hypermedia and Multimedia,1361-4568,3,计算机科学
Pervasive and Mobile Computing,1574-1192,3,计算机科学
JOURNAL OF INTELLIGENT INFORMATION SYSTEMS,0925-9902,3,计算机科学
COMPUTERS GRAPHICS-UK,0097-8493,3,计算机科学
Cluster Computing-The Journal of Networks Software Tools and Applications,1386-7857,3,计算机科学
Journal on Multimodal User Interfaces,1783-7677,3,计算机科学
JOURNAL OF CRYPTOLOGY,0933-2790,3,计算机科学
ACM Transactions on Internet Technology,1533-5399,3,计算机科学
Journal of Imaging,2313-433X,3,计算机科学
GEOINFORMATICA,13846175,3,计算机科学
Frontiers in Virtual Reality,2673-4192,3,计算机科学
Information Visualization,1473-8716,3,计算机科学
IEEE Control Systems Letters,2475-1456,3,计算机科学
APPLIED INTELLIGENCE,0924-669X,3,计算机科学
ICT Express,2405-9595,3,计算机科学
OPTICAL FIBER TECHNOLOGY,1068-5200,3,计算机科学
VISUAL COMPUTER,0178-2789,3,计算机科学
INFORMATICA,0868-4952,3,计算机科学
SYSTEMS CONTROL LETTERS,0167-6911,3,计算机科学
GRAPHICAL MODELS,1524-0703,3,计算机科学
ACM Journal on Computing and Cultural Heritage,1556-4673,3,计算机科学
Unmanned Systems,2301-3850,3,计算机科学
High-Confidence Computing,2667-2952,3,计算机科学
Frontiers of Information Technology Electronic Engineering,2095-9184,3,计算机科学
CHINESE JOURNAL OF ELECTRONICS,1022-4653,3,计算机科学
Journal of Electronics Information Technology,1009-5896,3,计算机科学
SCIENCE OF COMPUTER PROGRAMMING,0167-6423,4,计算机科学
Journal of Real-Time Image Processing,1861-8200,4,计算机科学
ACM Transactions on Management Information Systems,2158-656X,4,计算机科学
Advances in Data Analysis and Classification,1862-5347,4,计算机科学
Proceedings of the ACM on Measurement and Analysis of Computing Systems,2476-1249,4,计算机科学
COMPUTER GRAPHICS FORUM,0167-7055,4,计算机科学
Nano Communication Networks,1878-7789,4,计算机科学
JOURNAL OF INTELLIGENT ROBOTIC SYSTEMS,0921-0296,4,计算机科学
ALGORITHMICA,0178-4617,4,计算机科学
INTERNATIONAL JOURNAL OF GENERAL SYSTEMS,0308-1079,4,计算机科学
Language Resources and Evaluation,1574-020X,4,计算机科学
Theory of Computing,1557-2862,4,计算机科学
Kunstliche Intelligenz,0933-1875,4,计算机科学
IEEE INTELLIGENT SYSTEMS,1541-1672,4,计算机科学
ACM Transactions on Sensor Networks,1550-4859,4,计算机科学
INTERNATIONAL JOURNAL OF ROBUST AND NONLINEAR CONTROL,1049-8923,4,计算机科学
IEEE Access,2169-3536,4,计算机科学
COMPUTING,0010-485X,4,计算机科学
ACM Transactions on Computation Theory,1942-3454,4,计算机科学
DISTRIBUTED COMPUTING,0178-2770,4,计算机科学
ACM TRANSACTIONS ON DESIGN AUTOMATION OF ELECTRONIC SYSTEMS,1084-4309,4,计算机科学
ACM Transactions on Autonomous and Adaptive Systems,1556-4665,4,计算机科学
International Journal of Computer Games Technology,1687-7047,4,计算机科学
MACHINE LEARNING,0885-6125,4,计算机科学
Joumnal of Internet Services and Applications,1867-4828,4,计算机科学
Journal of Cryptographic Engineering,2190-8508,4,计算机科学
Frontiers in Artificial Intelligence,2624-8212,4,计算机科学
JOURNAL OF VISUAL COMMUNICATION AND IMAGE REPRESENTATION,1047-3203,4,计算机科学
Information Retrieval Journal,1386-4564,4,计算机科学
China Communications,1673-5447,4,计算机科学
Journal of Sensor and Actuator Networks,2224-2708,4,计算机科学
EUROPEAN JOURNAL OF CONTROL,0947-3580,4,计算机科学
ACM TRANSACTIONS ON COMPUTER SYSTEMS,0734-2071,4,计算机科学
Applied System Innovation,2571-5577,4,计算机科学
ACM Transactions on Economics and Computation,2167-8375,4,计算机科学
Universal Access in the Information Society,1615-5289,4,计算机科学
IEEE SOFTWARE,0740-7459,4,计算机科学
PeerJ Computer Science,2376-5992,4,计算机科学
International Journal of Machine Learning and Cybernetics,1868-8071,4,计算机科学
Future Internet,1999-5903,4,计算机科学
Journal of Mechanisms and Robotics-Transactions of the ASME,1942-4302,4,计算机科学
ASIAN JOURNAL OF CONTROL,1561-8625,4,计算机科学
Machine Learning and Knowledge Extraction,2504-4990,4,计算机科学
Foundations of Data Science,2639-8001,4,计算机科学
MULTIMEDIA SYSTEMS,0942-4962,4,计算机科学
Automated Software Engineering,0928-8910,4,计算机科学
ACM Transactions on Interactive Intelligent Systems,2160-6455,4,计算机科学
Peer-to-Peer Networking and Applications,1936-6442,4,计算机科学
International Journal of Fuzzy Systems,1562-2479,4,计算机科学
International Journal on Software Tools for Technology Transfer,1433-2779,4,计算机科学
REAL-TIME SYSTEMS,0922-6443,4,计算机科学
JOURNAL OF SUPERCOMPUTING,0920-8542,4,计算机科学
Social Network Analysis and Mining,1869-5450,4,计算机科学
Information,2078-2489,4,计算机科学
Applied Computing and Informatics,2634-1964,4,计算机科学
SOFTWARE TESTING VERIFICATION RELIABILITY,0960-0833,4,计算机科学
Genetic Programming and Evolvable Machines,1389-2576,4,计算机科学
IEEE Embedded Systems Letters,1943-0663,4,计算机科学
COMPUTER AIDED GEOMETRIC DESIGN,0167-8396,4,计算机科学
Frontiers in Robotics and Al,2296-9144,4,计算机科学
KNOWLEDGE AND INFORMATION SYSTEMS,0219-1377,4,计算机科学
IEEE SECURITY PRIVACY,1540-7993,4,计算机科学
MATHEMATICS OF CONTROL SIGNALS AND SYSTEMS,0932-4194,4,计算机科学
Cryptography,2410-387X,4,计算机科学
Theoretical Computer Science,0304-3975,4,计算机科学
SOFTWARE QUALITY JOURNAL,0963-9314,4,计算机科学
KYBERNETES,0368-492X,4,计算机科学
Journal of Computer Languages,2590-1184,4,计算机科学
Array,2590-0056,4,计算机科学
WORLD WIDE WEB-INTERNET AND WEB INFORMATION SYSTEMS,1386-145X,4,计算机科学
INFORMATION AND COMPUTATION,0890-5401,4,计算机科学
INTERNATIONAL JOURNAL OF SYSTEMS SCIENCE,0020-7721,4,计算机科学
JOURNAL OF COMMUNICATIONS AND NETWORKS,1229-2370,4,计算机科学
Natural Language Engineering,1351-3249,4,计算机科学
Computers,2073-431X,4,计算机科学
Information Technology and Control,1392-124X,4,计算机科学
Robotics,2218-6581,4,计算机科学
IEEE Computer Architecture Letters,1556-6056,4,计算机科学
EURASIP Journal on Audio Speech and Music Processing,1687-4722,4,计算机科学
ACM Transactions on Parallel Computing,2329-4949,4,计算机科学
Data,2306-5729,4,计算机科学
Evolving Systems,1868-6478,4,计算机科学
ACM Transactions on Asian and Low-Resource Language Information Processing,2375-4699,4,计算机科学
Electronics,2079-9292,4,计算机科学
INTERNATIONAL JOURNAL OF CONTROL AUTOMATION AND SYSTEMS,1598-6446,4,计算机科学
IET Computers and Digital Techniques,1751-8601,4,计算机科学
MACHINE VISION AND APPLICATIONS,0932-8092,4,计算机科学
SOFTWARE-PRACTICE EXPERIENCE,0038-0644,4,计算机科学
EURASIP Journal on Information Security,2510-523X,4,计算机科学
Proceedings of the ACM on Computer Graphics and Interactive Techniques,2577-6193,4,计算机科学
Frontiers in Neurorobotics,1662-5218,4,计算机科学
International Journal of Software Science and Computational Intelligence-IJSSCI,1942-9045,4,计算机科学
AI MAGAZINE,0738-4602,4,计算机科学
JOURNAL OF MACHINE LEARNING RESEARCH,1532-4435,4,计算机科学
Mathematical Foundations of Computing,2577-8838,4,计算机科学
Information and Computer Security,2056-4961,4,计算机科学
International Journal of Information Security,1615-5262,4,计算机科学
Big Data,2167-6461,4,计算机科学
SOFT COMPUTING,1432-7643,4,计算机科学
DESIGN AUTOMATION FOR EMBEDDED SYSTEMS,0929-5585,4,计算机科学
AI,2673-2688,4,计算机科学
IEEE PERVASIVE COMPUTING,1536-1268,4,计算机科学
Network Science,2050-1242,4,计算机科学
APPLIED ARTIFICIAL INTELLIGENCE,0883-9514,4,计算机科学
Journal of Information and Telecommunication,2475-1839,4,计算机科学
ANNALS OF MATHEMATICS AND ARTIFICIAL INTELLIGENCE,1012-2443,4,计算机科学
THEORY OF COMPUTING SYSTEMS,1432-4350,4,计算机科学
Applied Network Science,2364-8228,4,计算机科学
IEEE Consumer Electronics Magazine,2162-2248,4,计算机科学
PATTERN ANALYSIS AND APPLICATIONS,1433-7541,4,计算机科学
NEURAL PROCESSING LETTERS,1370-4621,4,计算机科学
International Journal of Multimedia Information Retrieval,2192-6611,4,计算机科学
MACHINE TRANSLATION,0922-6567,4,计算机科学
INTERNATIONAL JOURNAL OF IMAGING SYSTEMS AND TECHNOLOGY,0899-9457,4,计算机科学
MOBILE NETWORKS APPLICATIONS,1383-469X,4,计算机科学
DISCRETE EVENT DYNAMIC SYSTEMS-THEORY AND APPLICATIONS,0924-6703,4,计算机科学
INTERNATIONAL JOURNAL OF ADAPTIVE CONTROL AND SIGNAL PROCESSING,0890-6327,4,计算机科学
IEEE Journal on Exploratory Solid-State Computational Devices and Circuits,2329-9231,4,计算机科学
MATHEMATICAL STRUCTURES IN COMPUTER SCIENCE,0960-1295,4,计算机科学
IMA JOURNAL OF MATHEMATICAL CONTROL AND INFORMATION,0265-0754,4,计算机科学
Frontiers in Computer Science,2624-9898,4,计算机科学
CCF Transactions on Pervasive Computing and Interaction,2524-521X,4,计算机科学
Intelligent Service Robotics,1861-2776,4,计算机科学
IEEE MULTIMEDIA,1070-986X,4,计算机科学
ACM Transactions on Cyber-Physical Systems,2378-962X,4,计算机科学
EXPERT SYSTEMS,0266-4720,4,计算机科学
ACM Transactions on the Web,1559-1131,4,计算机科学
COMPUTATIONAL GEOMETRY-THEORY AND APPLICATIONS,0925-7721,4,计算机科学
NEW GENERATION COMPUTING,0288-3635,4,计算机科学
ACM Journal on Emerging Technologies in Computing Systems,1550-4832,4,计算机科学
ARTIFICIAL LIFE,1064-5462,4,计算机科学
Joumnal of Usability Studies,1931-3357,4,计算机科学
ADAPTIVE BEHAVIOR,1059-7123,4,计算机科学
NEURAL COMPUTATION,0899-7667,4,计算机科学
INFORMATION PROCESSING LETTERS,0020-0190,4,计算机科学
COMPUTATIONAL COMPLEXITY,1016-3328,4,计算机科学
INTERNATIONAL JOURNAL OF PARALLEL PROGRAMMING,0885-7458,4,计算机科学
Optical Switching and Networking,1573-4277,4,计算机科学
DISTRIBUTED AND PARALLEL DATABASES,0926-8782,4,计算机科学
ACM Journal of Data and Information Quality,1936-1955,4,计算机科学
Frontiers in Big Data,2624-909X,4,计算机科学
Journal of Software-Evolution and Process,2047-7473,4,计算机科学
International Journal of Web Information Systems,1744-0084,4,计算机科学
IEEE Journal of Radio Frequency Identification,2469-7281,4,计算机科学
CONSTRAINTS,1383-7133,4,计算机科学
International Journal of Computational Intelligence Systems,1875-6891,4,计算机科学
Applied Computational Intelligence and Soft Computing,1687-9724,4,计算机科学
International Journal of Information Technologies and Systems Approach,1935-570X,4,计算机科学
Journal of Systems Engineering and Electronics,1004-4132,4,计算机科学
Advances in Human-Computer Interaction,1687-5893,4,计算机科学
Transactions on Emerging Telecommunications Technologies,2161-3915,4,计算机科学
Romanian Journal of Information Science and Technology,1453-8245,4,计算机科学
Advances in Mathematics of Communications,1930-5346,4,计算机科学
Telecom,2673-4001,4,计算机科学
IEEE Design Test,2168-2356,4,计算机科学
Journal of Object Technology,1660-1769,4,计算机科学
SoftwareX,2352-7110,4,计算机科学
EURASIP Journal on Image and Video Processing,1687-5176,4,计算机科学
Automatika,0005-1144,4,计算机科学
PERFORMANCE EVALUATION,0166-5316,4,计算机科学
IET Control Theory and Applications,1751-8644,4,计算机科学
IET Image Processing,1751-9659,4,计算机科学
Service Oriented Computing and Applications,1863-2386,4,计算机科学
OPTIMAL CONTROL APPLICATIONS METHODS,0143-2087,4,计算机科学
International Journal of Applied Mathematics and Computer Science,1641-876X,4,计算机科学
IET Biometrics,2047-4938,4,计算机科学
CMC-Computers Materials Continua,1546-2218,4,计算机科学
ACTA INFORMATICA,0001-5903,4,计算机科学
International Journal of Intelligent Robotics and Applications,2366-5971,4,计算机科学
WIRELESS NETWORKS,1022-0038,4,计算机科学
ROBOTICA,0263-5747,4,计算机科学
International Journal of Intelligent Computing and Cybernetics,1756-378X,4,计算机科学
FORMAL METHODS IN SYSTEM DESIGN,0925-9856,4,计算机科学
Journal of Intelligent Systems,0334-1860,4,计算机科学
PHOTONIC NETWORK COMMUNICATIONS,1387-974X,4,计算机科学
Signal Image and Video Processing,1863-1703,4,计算机科学
INTERNATIONAL JOURNAL OF FOUNDATIONS OF COMPUTER SCIENCE,0129-0541,4,计算机科学
IEEE COMPUTER GRAPHICS AND APPLICATIONS,0272-1716,4,计算机科学
Physical Communication,1874-4907,4,计算机科学
IT Professional,1520-9202,4,计算机科学
Scientific Annals of Computer Science,1843-8121,4,计算机科学
ETRI JOURNAL,1225-6463,4,计算机科学
INTERNATIONAL JOURNAL OF COMMUNICATION SYSTEMS,1074-5351,4,计算机科学
Archives of Control Sciences,2300-2611,4,计算机科学
Data Technologies and Applications,2514-9288,4,计算机科学
EURASIP Journal on Wireless Communications and Networking,1687-1472,4,计算机科学
TELECOMMUNICATION SYSTEMS,1018-4864,4,计算机科学
IET Software,1751-8806,4,计算机科学
Journal of Ambient Intelligence and Smart Environments,1876-1364,4,计算机科学
IEEE Revista Iberoamericana de Tecnologias del Aprendizaje-IEEE RITA,1932-8540,4,计算机科学
COMPUTER,0018-9162,4,计算机科学
Annals of Telecommunications,0003-4347,4,计算机科学
International Journal of Fuzzy Logic and Intelligent Systems,1598-2645,4,计算机科学
SIGMOD RECORD,0163-5808,4,计算机科学
Robotic Intelligence and Automation,2754-6969,4,计算机科学
ACM Transactions on Modeling and Computer Simulation,1049-3301,4,计算机科学
Cybernetics and Information Technologies,1311-9702,4,计算机科学
JOURNAL OF COMPUTER SCIENCE AND TECHNOLOGY,1000-9000,4,计算机科学
Natural Computing,1567-7818,4,计算机科学
Journal of Signal Processing Systems for Signal Image and Video Technology,1939-8018,4,计算机科学
Progress in Artificial Intelligence,2192-6352,4,计算机科学
INTERNATIONAL JOURNAL OF INFORMATION TECHNOLOGY DECISION MAKING,0219-6220,4,计算机科学
INTERACTING WITH COMPUTERS,0953-5438,4,计算机科学
IET Radar Sonar and Navigation,1751-8784,4,计算机科学
COMPUTER JOURNAL,0010-4620,4,计算机科学
IET Information Security,1751-8709,4,计算机科学
JOURNAL OF VISUALIZATION,1343-8875,4,计算机科学
IFAC Journal of Systems and Control,2468-6018,4,计算机科学
International Journal of Distributed Sensor Networks,1550-1329,4,计算机科学
JOURNAL OF HEURISTICS,1381-1231,4,计算机科学
IEEE Canadian Journal of Electrical and Computer Engineering,2694-1783,4,计算机科学
International Journal of Advanced Robotic Systems,1729-8814,4,计算机科学
Systems Science Control Engineering,2164-2583,4,计算机科学
IET Microwaves Antennas Propagation,1751-8725,4,计算机科学
International Journal of Wavelets Multiresolution and Information Processing,0219-6913,4,计算机科学
CCF Transactions on High Performance Computing,2524-4922,4,计算机科学
Journal of Computer Virology and Hacking Techniques,2263-8733,4,计算机科学
Journal of Computer Networks and Communications,2090-7141,4,计算机科学
Information Security Journal,1939-3555,4,计算机科学
IET Optoelectronics,1751-8768,4,计算机科学
JOURNAL OF DATABASE MANAGEMENT,1063-8016,4,计算机科学
NETWORKS,0028-3045,4,计算机科学
ACM SIGCOMM Computer Communication Review,0146-4833,4,计算机科学
AI COMMUNICATIONS,0921-7126,4,计算机科学
e-Informatica Software Engineering Journal,1897-7979,4,计算机科学
International Journal of Bio-Inspired Computation,1758-0366,4,计算机科学
JOURNAL OF DYNAMIC SYSTEMS MEASUREMENT AND CONTROL-TRANSACTIONS OF THE ASME,0022-0434,4,计算机科学
IETE TECHNICAL REVIEW,0256-4602,4,计算机科学
ADVANCED ROBOTICS,0169-1864,4,计算机科学
International Journal of Dynamics and Control,2195-268X,4,计算机科学
INTERNATIONAL JOURNAL OF CONTROL,0020-7179,4,计算机科学
Journal of Mathematical Cryptology,1862-2976,4,计算机科学
Evolutionary Intelligence,1864-5909,4,计算机科学
Problems of Information Transmission,0032-9460,4,计算机科学
COMPUTING IN SCIENCE ENGINEERING,1521-9615,4,计算机科学
International Journal of Microwave and Wireless Technologies,1759-0787,4,计算机科学
Swarm Intelligence,1935-3812,4,计算机科学
RAIRO-THEORETICAL INFORMATICS AND APPLICATIONS,0988-3754,4,计算机科学
TRANSACTIONS OF THE INSTITUTE OF MEASUREMENT AND CONTROL,0142-3312,4,计算机科学
Control Theory and Technology,2095-6983,4,计算机科学
Innovations in Systems and Software Engineering,1614-5046,4,计算机科学
ICGA JOURNAL,1389-6911,4,计算机科学
IT-Information Technology,1611-2776,4,计算机科学
PROGRAMMING AND COMPUTER SOFTWARE,0361-7688,4,计算机科学
IET Wireless Sensor Systems,2043-6386,4,计算机科学
COMPUTATIONAL INTELLIGENCE,0824-7935,4,计算机科学
IMAGING SCIENCE JOURNAL,1368-2199,4,计算机科学
CONCURRENCY AND COMPUTATION-PRACTICE EXPERIENCE,1532-0626,4,计算机科学
Industrial Robot-The International Journal of Robotics Research and Application,0143-991X,4,计算机科学
Transactions on Data Privacy,1888-5063,4,计算机科学
International Journal of Wireless Information Networks,1068-9605,4,计算机科学
IET Communications,1751-8628,4,计算机科学
Computer Science and Information Systems,1820-0214,4,计算机科学
IEEE Systems Man and Cybernetics Magazine,2380-1298,4,计算机科学
EURASIP Journal on Advances in Signal Processing,1687-6180,4,计算机科学
International Journal on Information Technologies and Security,1313-8251,4,计算机科学
3C Tic,2254-6529,4,计算机科学
Software Impacts,2665-9638,4,计算机科学
Image Analysis Stereology,1580-3139,4,计算机科学
R Journal,2073-4859,4,计算机科学
PROCEEDINGS OF THE INSTITUTION OF MECHANICAL ENGINEERS PART I-JOURNAL OF SYSTEMS AND CONTROL ENGINEERING,0959-6518,4,计算机科学
Intelligenza Artificiale,1724-8035,4,计算机科学
International Journal of Innovative Computing Information and Control,1349-4198,4,计算机科学
Studies in Informatics and Control,1220-1766,4,计算机科学
International Arab Journal of Information Technology,1683-3198,4,计算机科学
JOURNAL OF EXPERIMENTAL THEORETICAL ARTIFICIAL INTELLIGENCE,0952-813X,4,计算机科学
International Journal of Computers Communications Control,1841-9836,4,计算机科学
FUNDAMENTA INFORMATICAE,0169-2968,4,计算机科学
International Journal of Intelligent Engineering Informatics,1758-8715,4,计算机科学
IET Cyber-Physical Systems:Theory Applications,2398-3396,4,计算机科学
Journal of Computer Security,0926-227X,4,计算机科学
ACM SIGecom Exchanges,1551-9031,4,计算机科学
IET Cyber-systems and Robotics,2631-6315,4,计算机科学
Review of Socionetwork Strategies,2523-3173,4,计算机科学
AUTOMATIC DOCUMENTATION AND MATHEMATICAL LINGUISTICS,0005-1055,4,计算机科学
KYBERNETIKA,0023-5954,4,计算机科学
International Journal of Sensor Networks,1748-1279,4,计算机科学
International Journal of Unconventional Computing,1548-7199,4,计算机科学
ROBOMECH Journal,2197-4225,4,计算机科学
Security and Privacy,2475-6725,4,计算机科学
Journal of Location Based Services,1748-9725,4,计算机科学
Open Computer Science,2299-1093,4,计算机科学
NETWORK-COMPUTATION IN NEURAL SYSTEMS,0954-898X,4,计算机科学
IET Computer Vision,1751-9632,4,计算机科学
International Journal of Computational Science and Engineering,1742-7185,4,计算机科学
International Journal of Antennas and Propagation,1687-5869,4,计算机科学
Journal of Information and Communication Technology-Malaysia,1675-414X,4,计算机科学
International Journal of Network Management,1055-7148,4,计算机科学
INTERNATIONAL JOURNAL OF UNCERTAINTY FUZZINESS AND KNOWLEDGE-BASED SYSTEMS,0218-4885,4,计算机科学
International Journal of Applied Pattern Recognition,2049-887X,4,计算机科学
Frontiers in Blockchain,2624-7852,4,计算机科学
International Journal on Artificial Intelligence Tools,0218-2130,4,计算机科学
International Journal of Gaming and Computer-Mediated Simulations,1942-3888,4,计算机科学
COMPUTER ANIMATION AND VIRTUAL WORLDS,1546-4261,4,计算机科学
Journal of Control Automation and Electrical Systems,2195-3880,4,计算机科学
International Journal of Humanoid Robotics,0219-8436,4,计算机科学
IETE JOURNAL OF RESEARCH,0377-2063,4,计算机科学
Revista Iberoamericana de Automatica e Informatica Industrial,1697-7912,4,计算机科学
Turkish Journal of Electrical Engineering and Computer Sciences,1300-0632,4,计算机科学
Traitement du Signal,0765-0019,4,计算机科学
Qwerty,1828-7344,4,计算机科学
Intelligent Data Analysis,1088-467X,4,计算机科学
Cognitive Computation and Systems,2517-7567,4,计算机科学
Journal of Control and Decision,2330-7706,4,计算机科学
IET Networks,2047-4954,4,计算机科学
International Journal of Automation and Control,1740-7516,4,计算机科学
Frontiers in Communications and Networks,2673-530X,4,计算机科学
Journal of Advances in Information Technology,1798-2340,4,计算机科学
JOURNAL OF INTELLIGENT FUZZY SYSTEMS,1064-1246,4,计算机科学
Journal of Internet Technology,1607-9264,4,计算机科学
AUTOMATION AND REMOTE CONTROL,0005-1179,4,计算机科学
JOURNAL OF UNIVERSAL COMPUTER SCIENCE,0948-695X,4,计算机科学
Journal of Cellular Automata,1557-5969,4,计算机科学
Parallel Processing Letters,0129-6264,4,计算机科学
Inteligencia Artificial-Iberoamerical Journal of Artificial Intelligence,1137-3601,4,计算机科学
International Journal of Parallel Emergent and Distributed Systems,1744-5760,4,计算机科学
JOURNAL OF COMPUTER AND SYSTEMS SCIENCES INTERNATIONAL,1064-2307,4,计算机科学
International Journal of Web Services Research,1545-7362,4,计算机科学
Infocommunications Journal,2061-2079,4,计算机科学
KSII Transactions on Internet and Information Systems,1976-7277,4,计算机科学
International Journal of Networked and Distributed Computing,2211-7938,4,计算机科学
CYBERNETICS AND SYSTEMS,0196-9722,4,计算机科学
COMPUTING AND INFORMATICS,1335-9150,4,计算机科学
International Journal of Agricultural and Environmental Information Systems,1947-3192,4,计算机科学
Communications in Information and Systems,1526-7555,4,计算机科学
INTERNATIONAL JOURNAL OF SOFTWARE ENGINEERING AND KNOWLEDGE ENGINEERING,0218-1940,4,计算机科学
INTERNATIONAL JOURNAL OF SATELLITE COMMUNICATIONS AND NETWORKING,1542-0973,4,计算机科学
Acta Cybernetica,0324-721X,4,计算机科学
JOURNAL OF ELECTRONIC IMAGING,1017-9909,4,计算机科学
MICROPROCESSORS AND MICROSYSTEMS,0141-9331,4,计算机科学
Malaysian Journal of Computer Science,0127-9084,4,计算机科学
Mechatronic Systems and Control,2561-1771,4,计算机科学
Image Processing On Line,2105-1232,4,计算机科学
Baltic Journal of Modern Computing,2255-8942,4,计算机科学
Bulletin of the European Association for Theoretical Computer Science,0252-9742,4,计算机科学
Ad Hoc Sensor Wireless Networks,1551-9899,4,计算机科学
IEICE TRANSACTIONS ON COMMUNICATIONS,0916-8516,4,计算机科学
Journal of Robotics and Mechatronics,0915-3942,4,计算机科学
International Journal of Communication Networks and Distributed Systems,1754-3916,4,计算机科学
Artificial Life and Robotics,1433-5298,4,计算机科学
International Journal of Web and Grid Services,1741-1106,4,计算机科学
JOURNAL OF IMAGING SCIENCE AND TECHNOLOGY,1062-3701,4,计算机科学
Journal of Web Engineering,1540-9589,4,计算机科学
Neural Network World,1210-0552,4,计算机科学
International Journal of Modeling Simulation and Scientific Computing,1793-9623,4,计算机科学
Journal of Computer Science Technology,1666-6046,4,计算机科学
ADCAIJ-Advances in Distributed Computing and Artificial Intelligence Journal,2255-2863,4,计算机科学
INTERNATIONAL JOURNAL OF COMPUTER APPLICATIONS IN TECHNOLOGY,0952-8091,4,计算机科学
PATTERN RECOGNITION AND IMAGE ANALYSIS,1054-6618,4,计算机科学
TEM Journal-Technology Education Management Informatics,2217-8309,4,计算机科学
JOURNAL OF INTERCONNECTION NETWORKS,0219-2659,4,计算机科学
Journal of Information Processing Systems,1976-913X,4,计算机科学
International Journal of Data Warehousing and Mining,1548-3924,4,计算机科学
Journal of Robotics,1687-9600,4,计算机科学
Vietnam Journal of Computer Science,2196-8888,4,计算机科学
Journal of Advanced Computational Intelligence and Intelligent Informatics,1343-0130,4,计算机科学
IEICE TRANSACTIONS ON INFORMATION AND SYSTEMS,0916-8532,4,计算机科学
Journal of Communications Software and Systems,1845-6421,4,计算机科学
INTERNATIONAL JOURNAL OF PATTERN RECOGNITION AND ARTIFICIAL INTELLIGENCE,0218-0014,4,计算机科学
Journal of the British Blockchain Association,2516-3957,4,计算机科学
APPLIED COMPUTATIONAL ELECTROMAGNETICS SOCIETY JOURNAL,1054-4887,4,计算机科学
Acta Universitatis Sapientiae Informatica,1844-6086,4,计算机科学
International Journal of Automation Technology,1881-7629,4,计算机科学
ACM Transactions on Modeling and Performance Evaluation of Computing Systems,2376-3639,4,计算机科学
International Journal of Decision Support System Technology,1941-6296,4,计算机科学
Journal of Micro-Bio Robotics,2194-6418,4,计算机科学
International Journal of Ad Hoc and Ubiquitous Computing,1743-8225,4,计算机科学
International Journal of Multimedia Data Engineering Management,1947-8534,4,计算机科学
International Journal of Arts and Technology,1754-8853,4,计算机科学
International Journal of Image and Graphics,0219-4678,4,计算机科学
Foundations of Computing and Decision Sciences,0867-6356,4,计算机科学
Journal of Electrical and Computer Engineering,2090-0147,4,计算机科学
Applied Computing Review,1559-6915,4,计算机科学
IEICE TRANSACTIONS ON FUNDAMENTALS OF ELECTRONICS COMMUNICATIONS AND COMPUTER SCIENCES,0916-8508,4,计算机科学
ISeCure-ISC International Journal of Information Security,2008-2045,4,计算机科学
Computer Science Journal of Moldova,1561-4042,4,计算机科学
International Journal of Knowledge-Based and Intelligent Engineering Systems,1327-2314,4,计算机科学
Multiagent and Grid Systems,1574-1702,4,计算机科学
International Journal of Information Technology and Web Engineering,1554-1045,4,计算机科学
MODELING IDENTIFICATION AND CONTROL,0332-7353,4,计算机科学
IPSI BgD Transactions on Internet Research,1820-4503,4,计算机科学
JOURNAL OF COMMUNICATIONS TECHNOLOGY AND ELECTRONICS,1064-2269,4,计算机科学
International Journal of Computational Intelligence and Applications,1469-0268,4,计算机科学
"Advances in Computational Design,An International Journal",2383-8477,4,计算机科学
International Journal of Electronic Security and Digital Forensics,1751-911X,4,计算机科学
International Journal of Mobile Computing and Multimedia Communications,1937-9412,4,计算机科学
International Journal of Advanced Computer Science and Applications,2158-107X,4,计算机科学
International Journal of Electronics and Telecommunications,2081-8491,4,计算机科学
International Journal of Embedded Systems,1741-1068,4,计算机科学
Jordanian Journal of Computers and Information Technology,2413-9351,4,计算机科学
International Journal of Grid and High Performance Computing,1938-0259,4,计算机科学
Internet Technology Letters,2476-1508,4,计算机科学
Computer Science-AGH,1508-2806,4,计算机科学
AUTOMATIC CONTROL AND COMPUTER SCIENCES,0146-4116,4,计算机科学
AT-Automatisierungstechnik,0178-2312,4,计算机科学
EAl Endorsed Transactions on Scalable Information Systems,2032-9407,4,计算机科学
JOURNAL OF INFORMATION SCIENCE AND ENGINEERING,1016-2364,4,计算机科学
International Journal of Information System Modeling and Design,1947-8186,4,计算机科学
International Journal of Swarm Intelligence Research,1947-9263,4,计算机科学
JOURNAL OF FLOW VISUALIZATION AND IMAGE PROCESSING,1065-3090,4,计算机科学
International Journal of Biometrics,1755-8301,4,计算机科学
INTERNATIONAL JOURNAL OF COOPERATIVE INFORMATION SYSTEMS,0218-8430,4,计算机科学
International Journal of Pervasive Computing and Communications,1742-7371,4,计算机科学
JOURNAL OF HIGH SPEED NETWORKS,0926-6801,4,计算机科学
Applied Bionics and Biomechanics,1176-2322,4,计算机科学
International Journal of Applied Metaheuristic Computing,1947-8283,4,计算机科学
Romanian Journal of Information Technology and Automatic Control-Revista Romana de Informatica si Automatica,1220-1758,4,计算机科学
International Journal of Digital Crime and Forensics,1941-6210,4,计算机科学
Journal of Algorithms Computational Technology,1748-3018,4,计算机科学
International Journal of Information Retrieval Research,2155-6377,4,计算机科学
International Journal of Semantic Computing,1793-351X,4,计算机科学
International Journal of Data Mining Modelling and Management,1759-1163,4,计算机科学
Journal of Digital Forensics Security and Law,1558-7215,4,计算机科学
Joumal of Information and Organizational Sciences,1846-3312,4,计算机科学
Journal of Cases on Information Technology,1548-7717,4,计算机科学
Applied Computer Systems,2255-8683,4,计算机科学
Communications in Mathematical Biology and Neuroscience,2052-2541,4,计算机科学
INTERNATIONAL JOURNAL OF ROBOTICS AUTOMATION,0826-8185,4,计算机科学
International Journal of Distributed Systems and Technologies,1947-3532,4,计算机科学
International Journal of Business Data Communications and Networking,1548-0631,4,计算机科学
Vestnik Tomskogo Gosudarstvennogo Universiteta-Upravlenie Vychislitelnaja Tehnika i Informatika-Tomsk State University Journal of Control and Computer Science,1998-8605,4,计算机科学
International Journal of Embedded and Real-Time Communication Systems (IJERTCS),1947-3176,4,计算机科学
International Journal of Information Security and Privacy,1930-1650,4,计算机科学
International Journal of Intelligent Unmanned Systems,2049-6427,4,计算机科学
Annual Review of CyberTherapy and Telemedicine,1554-8716,4,计算机科学
Journal of Information Technology Research,1938-7857,4,计算机科学
International Journal of Grid and Utility Computing,1741-847X,4,计算机科学
International Journal of Interdisciplinary Telecommunications and Networking,1941-8663,4,计算机科学
Intelligent Decision Technologies-Netherlands,1872-4981,4,计算机科学
International Journal of System Dynamics Applications,2160-9772,4,计算机科学
Foundations and Trends in Theoretical Computer Science,1551-305X,4,计算机科学
Journal of ICT Research and Applications,2337-5787,4,计算机科学
International Journal of Modelling Identification and Control,1746-6172,4,计算机科学
International Journal of Software Innovation,2166-7160,4,计算机科学
International Journal of Cognitive Informatics and Natural Intelligence,1557-3958,4,计算机科学
Journal of Print and Media Technology Research,2223-8905,4,计算机科学
Journal of Robotics Networking and Artificial Life,2352-6386,4,计算机科学
GetMobile-Mobile Computing Communications Review,2375-0529,4,计算机科学
International Journal of Intelligent Information Technologies,1548-3657,4,计算机科学
Radio Electronics Computer Science Control,1607-3274,4,计算机科学
International Journal of Autonomous and Adaptive Communications Systems,1754-8632,4,计算机科学
Control Engineering and Applied Informatics,1454-8658,4,计算机科学
International Journal of e-Collaboration,1548-3673,4,计算机科学
MICROWAVE JOURNAL,0192-6225,4,计算机科学
IADIS-International Journal on Computer Science and Information Systems,1646-3692,4,计算机科学
Journal of Information Assurance and Security,1554-1010,4,计算机科学
International Journal of Internet Protocol Technology,1743-8209,4,计算机科学
Journal of Control Science and Engineering,1687-5249,4,计算机科学
Revista Brasileira de Computacao Aplicada,2176-6649,4,计算机科学
Telematique,1856-4194,4,计算机科学
Web Intelligence,2405-6456,4,计算机科学
ATP Magazine,2190-4111,4,计算机科学
ERCIM News,0926-4981,4,计算机科学
PRESENCE-Virtual and Augmented Reality,1054-7460,4,计算机科学
Internetworking Indonesia,1942-9703,4,计算机科学
